attraction_name,district,category,review_text,sentiment
องค์พระปฐมเจดีย์,เมืองนครปฐม,ประวัติศาสตร์และวัฒนธรรม,สถานที่สวยงามมาก บรรยากาศร่มรื่น เหมาะแก่การมาพักผ่อนและทำบุญกับครอบครัว,positive
องค์พระปฐมเจดีย์,เมืองนครปฐม,ประวัติศาสตร์และวัฒนธรรม,ไปทำบุญที่องค์พระปฐมเจดีย์มา ประทับใจมาก องค์พระสวยงาม อลังการ สะอาดสะอ้าน มีจุดไหว้พระขอพรหลายจุด,positive
องค์พระปฐมเจดีย์,เมืองนครปฐม,ประวัติศาสตร์และวัฒนธรรม,ของกินอร่อยเยอะมากรอบองค์พระ ราคาไม่แพง พ่อค้าแม่ค้าใจดี อัธยาศัยดีมาก แนะนำเลยครับ,positive
องค์พระปฐมเจดีย์,เมืองนครปฐม,ประวัติศาสตร์และวัฒนธรรม,สถานที่สวยงามและศักดิ์สิทธิ์มาก แต่คนเยอะมากในวันหยุด หาที่จอดรถค่อนข้างยาก,neutral
องค์พระปฐมเจดีย์,เมืองนครปฐม,ประวัติศาสตร์และวัฒนธรรม,อากาศค่อนข้างร้อน แดดแรง แนะนำให้พกร่มมาด้วย โดยรวมประทับใจ,neutral
วัดไร่ขิงพระอารามหลวง,สามพราน,ประวัติศาสตร์และวัฒนธรรม,ไปทำบุญที่วัดไร่ขิงพระอารามหลวงมา หลวงพ่อศักดิ์สิทธิ์มาก บรรยากาศริมแม่น้ำร่มรื่น สบายใจมาก,positive
วัดไร่ขิงพระอารามหลวง,สามพราน,ประวัติศาสตร์และวัฒนธรรม,การจัดการดี ที่จอดรถกว้างขวาง มีเจ้าหน้าที่คอยโบกรถและให้คำแนะนำอย่างดี,positive
วัดไร่ขิงพระอารามหลวง,สามพราน,ประวัติศาสตร์และวัฒนธรรม,วันเสาร์อาทิตย์คนแน่นมาก รอคิวให้อาหารปลานาน แต่ริมน้ำลมเย็นสบาย,neutral
วัดไร่ขิงพระอารามหลวง,สามพราน,ประวัติศาสตร์และวัฒนธรรม,ทางเข้าวัดรถติดมาก การจราจรติดขัดช่วงเทศกาล ควรเผื่อเวลาเดินทาง,negative
ตลาดน้ำดอนหวาย,สามพราน,นันทนาการและพักผ่อน,แวะมาเดินเล่นที่ตลาดน้ำดอนหวาย ของกินอร่อยเยอะมาก เป็ดพะโล้ ขนมไทยโบราณรสชาติดีมาก,positive
ตลาดน้ำดอนหวาย,สามพราน,นันทนาการและพักผ่อน,ของฝากหลากหลาย ขนมตาล ขนมเปี๊ยะอร่อย เดินเพลินๆ ชิลๆ แนะนำให้มาครับ,positive
ตลาดน้ำดอนหวาย,สามพราน,นันทนาการและพักผ่อน,คนเยอะมาก ทางเดินค่อนข้างเบียดเสียด แต่ของกินมีให้เลือกเยอะจนตาลาย,neutral
ตลาดน้ำดอนหวาย,สามพราน,นันทนาการและพักผ่อน,ที่จอดรถไม่เพียงพอ ต้องวนหาอยู่นาน และทางเดินอากาศค่อนข้างร้อนอบอ้าว,negative
พระราชวังสนามจันทร์,เมืองนครปฐม,ประวัติศาสตร์และวัฒนธรรม,บรรยากาศร่มรื่น ต้นไม้ใหญ่เยอะมาก พระตำหนักชาลีมงคลอาสน์สวยงามคลาสสิก,positive
พระราชวังสนามจันทร์,เมืองนครปฐม,ประวัติศาสตร์และวัฒนธรรม,เป็นแหล่งเรียนรู้ประวัติศาสตร์ที่ดีมาก อากาศดี เหมาะกับการเดินเล่นและออกกำลังกาย,positive
พระราชวังสนามจันทร์,เมืองนครปฐม,ประวัติศาสตร์และวัฒนธรรม,ต้องแต่งกายสุภาพเรียบร้อย มีข้อกำหนดเคร่งครัด ควรศึกษาข้อปฏิบัติก่อนมา,neutral
พุทธมณฑล,พุทธมณฑล,ประวัติศาสตร์และวัฒนธรรม,สถานที่กว้างขวาง ร่มรื่น เงียบสงบ เหมาะแก่การมาปฏิบัติธรรมและพักผ่อนหย่อนใจ,positive
พุทธมณฑล,พุทธมณฑล,ประวัติศาสตร์และวัฒนธรรม,องค์พระประธานสง่างามมาก ขี่จักรยานรับลมช่วงเย็นฟินสุดๆ แนะนำเลยครับ,positive
พุทธมณฑล,พุทธมณฑล,ประวัติศาสตร์และวัฒนธรรม,สถานที่มีพื้นที่กว้างมาก เดินเท้าอาจจะเหนื่อย แนะนำให้เช่าจักรยานปั่นรอบสวน,neutral
พุทธมณฑล,พุทธมณฑล,ประวัติศาสตร์และวัฒนธรรม,ห้องน้ำบางจุดอยู่ไกลและขาดการดูแลความสะอาด ควรปรับปรุงเรื่องสุขา,negative
วัดศีรษะทอง,นครชัยศรี,ประวัติศาสตร์และวัฒนธรรม,ไปไหว้พระราหูที่วัดศีรษะทอง ขอพรเรื่องการงาน โชคลาภ มีของดำแปดอย่างจัดไว้สะดวก,positive
วัดศีรษะทอง,นครชัยศรี,ประวัติศาสตร์และวัฒนธรรม,สถานที่ศักดิ์สิทธิ์ บรรยากาศเข้มขลัง มาช่วงค่ำวันพุธคนคึกคักเป็นพิเศษ,positive
วัดศีรษะทอง,นครชัยศรี,ประวัติศาสตร์และวัฒนธรรม,ที่จอดรถช่วงงานพิธีแน่นมาก ต้องจอดริมทางแล้วเดินเข้ามา,neutral
ตลาดน้ำลำพญา,บางเลน,นันทนาการและพักผ่อน,ตลาดน้ำบรรยากาศบ้านๆ ริมแม่น้ำท่าจีน ผักสดผลไม้จากชาวสวนราคาถูกมาก,positive
ตลาดน้ำลำพญา,บางเลน,นันทนาการและพักผ่อน,นั่งทานก๋วยเตี๋ยวบนแพริมน้ำ ลมพัดเย็นสบาย อาหารอร่อย พ่อค้าแม่ค้าเป็นกันเอง,positive
ตลาดน้ำลำพญา,บางเลน,นันทนาการและพักผ่อน,เปิดเฉพาะวันเสาร์อาทิตย์และวันหยุด คนค่อนข้างแน่นในช่วงเที่ยง,neutral
ตลาดน้ำทุ่งบัวแดง,บางเลน,นันทนาการและพักผ่อน,ทุ่งบัวแดงสวยงามตระการตา นั่งเรือพายถ่ายรูปสวยมาก มีโดรนถ่ายมุมสูงให้ด้วย,positive
ตลาดน้ำทุ่งบัวแดง,บางเลน,นันทนาการและพักผ่อน,วิวสวย ถ่ายรูปออกมาสวยทุกมุม กาแฟและอาหารรสชาติดี บรรยากาศดี มีลมพัดเย็นสบาย,positive
ตลาดน้ำทุ่งบัวแดง,บางเลน,นันทนาการและพักผ่อน,แดดแรงช่วงสายถึงบ่าย ควรพกร่มหรือหมวกมาด้วย ถ้ามาเช้าๆ ดอกบัวจะบานสวยกว่า,neutral
ตลาดน้ำทุ่งบัวแดง,บางเลน,นันทนาการและพักผ่อน,ค่าบริการถ่ายภาพและนั่งเรือบางแพ็กเกจค่อนข้างสูง คิวนั่งเรือรอนานช่วงวันหยุด,negative
Bubble in the forest,สามพราน,นันทนาการและพักผ่อน,คาเฟ่สวยสไตล์มัลดีฟส์ มุมถ่ายรูปเยอะมาก อาหารและเครื่องดื่มจัดจานสวย,positive
Bubble in the forest,สามพราน,นันทนาการและพักผ่อน,สถานที่สวยงามตกแต่งอลังการ แต่คนต่อคิวถ่ายรูปเยอะมาก ต้องรอจังหวะนาน,neutral
Bubble in the forest,สามพราน,นันทนาการและพักผ่อน,ราคาอาหารและเครื่องดื่มค่อนข้างแพง และเวลารอคิวโต๊ะนานเกินไปในวันหยุด,negative
Dubua Café,นครชัยศรี,เกษตรกรรม,สถานที่กว้างมาก มีสัตว์ให้เด็กๆ ให้อาหาร บรรยากาศในสวนบัวร่มรื่น เหมาะกับครอบครัว,positive
Dubua Café,นครชัยศรี,เกษตรกรรม,ร้านกาแฟในฟาร์ม มีจักรยานน้ำให้ปั่นฟรี มีของกินให้เลือกหลายโซน คุ้มค่าที่ได้มา,positive
Dubua Café,นครชัยศรี,เกษตรกรรม,อากาศตอนกลางวันค่อนข้างร้อน พื้นที่กว้างเดินเมื่อยพอสมควร,neutral
เจษฎาเทคนิค มิวเซียม,นครชัยศรี,ศิลปะและวิทยาการ,รถโบราณและยานยนต์หายากเยอะมาก ตื่นตาตื่นใจ ได้ความรู้ เข้าชมฟรีไม่มีค่าใช้จ่าย,positive
เจษฎาเทคนิค มิวเซียม,นครชัยศรี,ศิลปะและวิทยาการ,เป็นแหล่งเรียนรู้ที่ยอดเยี่ยมสำหรับคนรักรถและเด็กๆ เจ้าหน้าที่ให้ข้อมูลดีมาก,positive
เจษฎาเทคนิค มิวเซียม,นครชัยศรี,ศิลปะและวิทยาการ,พื้นที่จัดแสดงบางส่วนค่อนข้างร้อน อากาศไม่ค่อยถ่ายเท แต่ตัวรถน่าสนใจมาก,neutral
วัดประชาราษฎร์บำรุง (วัดรางหมัน),กำแพงแสน,ประวัติศาสตร์และวัฒนธรรม,วิหารสวยงามอลังการสีทองอร่าม บารมีหลวงปู่แผ้ว ไหว้พระแล้วรู้สึกสบายใจ,positive
วัดประชาราษฎร์บำรุง (วัดรางหมัน),กำแพงแสน,ประวัติศาสตร์และวัฒนธรรม,วัดสะอาดสะอ้าน การจัดระเบียบดีมาก มีที่จอดรถเป็นสัดส่วน,positive
วัดดอนขนาก,เมืองนครปฐม,ประวัติศาสตร์และวัฒนธรรม,ลอดถ้ำพญานาคสวยงามตระการตา จุดเช็คอินสายมูไม่ควรพลาด,positive
วัดดอนขนาก,เมืองนครปฐม,ประวัติศาสตร์และวัฒนธรรม,วัดพัฒนาเร็วมาก สวยงามแปลกตา แต่เสาร์อาทิตย์คนเยอะมาก รถติดหน้าวัด,neutral
วัดดอนขนาก,เมืองนครปฐม,ประวัติศาสตร์และวัฒนธรรม,ห้องน้ำไม่เพียงพอกับจำนวนนักท่องเที่ยวที่แห่กันมา ควรเพิ่มห้องน้ำ,negative
Air Orchids แอร์ออร์คิดส์,บางเลน,นันทนาการและพักผ่อน,ซูเปอร์มาร์เก็ตกล้วยไม้ มีกล้วยไม้และต้นไม้ให้เลือกละลานตา ราคาถูกมาก,positive
Air Orchids แอร์ออร์คิดส์,บางเลน,นันทนาการและพักผ่อน,มีรถเข็นให้ช้อปปิ้งต้นไม้สะดวก กาแฟในร้านรสชาติดี บรรยากาศร่มรื่น,positive
ถนนชมพูพันธุ์ทิพย์,กำแพงแสน,ธรรมชาติ,ช่วงดอกไม้บานสวยเหมือนญี่ปุ่น ถ่ายรูปโรแมนติกมาก แนะนำมาช่วงปลายมกราคม-กุมภาพันธ์,positive
ถนนชมพูพันธุ์ทิพย์,กำแพงแสน,ธรรมชาติ,ดอกไม้สวยงามมาก แต่ช่วงที่บานคนเยอะมาก รถติดยาวตลอดเส้นทาง หาที่จอดยาก,neutral
ถนนชมพูพันธุ์ทิพย์,กำแพงแสน,ธรรมชาติ,ดอกไม้โรยเร็วมาก ถ้ามาไม่ถูกจังหวะจะไม่เห็นดอกไม้เลย ควรเช็คหน้าเพจก่อนเดินทาง,negative
เซ็นทรัล ศาลายา,สามพราน,นันทนาการและพักผ่อน,ห้างใหญ่ แอร์เย็นสบาย ร้านอาหารและร้านค้าครบครัน มีที่จอดรถสะดวกสบาย,positive
เซ็นทรัล ศาลายา,สามพราน,นันทนาการและพักผ่อน,ช่วงวันหยุดคนเยอะ ที่จอดรถค่อนข้างเต็ม แต่การบริการโดยรวมได้มาตรฐาน,neutral
ตลาดโต้รุ่ง องค์พระปฐมเจดีย์,เมืองนครปฐม,นันทนาการและพักผ่อน,สวรรค์ของคนชอบกิน หอยทอด บัวลอย ไอติมลอยฟ้า อร่อยระดับตำนาน,positive
ตลาดโต้รุ่ง องค์พระปฐมเจดีย์,เมืองนครปฐม,นันทนาการและพักผ่อน,ของกินเยอะมาก อร่อยทุกร้าน แต่หาโต๊ะนั่งยากมากในช่วงค่ำ,neutral
ตลาดโต้รุ่ง องค์พระปฐมเจดีย์,เมืองนครปฐม,นันทนาการและพักผ่อน,หาที่จอดรถยากมากรอบองค์พระ รถติดวนหลายรอบกว่าจะได้จอด,negative
พิพิธภัณฑ์หุ่นขี้ผึ้งไทย,นครชัยศรี,ศิลปะและวิทยาการ,หุ่นขี้ผึ้งเหมือนคนจริงมาก มีความประณีตละเอียดอ่อน ให้ความรู้ทางประวัติศาสตร์ดีมาก,positive
พิพิธภัณฑ์หุ่นขี้ผึ้งไทย,นครชัยศรี,ศิลปะและวิทยาการ,สถานที่ไม่ใหญ่มาก ใช้เวลาเดินประมาณหนึ่งชั่วโมง เหมาะแก่การแวะระหว่างทาง,neutral
พิพิธภัณฑ์หุ่นขี้ผึ้งไทย,นครชัยศรี,ศิลปะและวิทยาการ,สถานที่ค่อนข้างเก่า ขาดการปรับปรุงนิทรรศการใหม่ๆ ค่าเข้าชมแอบแพงไปนิดเมื่อเทียบกับขนาด,negative
สวนสามพราน,สามพราน,นันทนาการและพักผ่อน,ธรรมชาติร่มรื่นริมแม่น้ำ มีกิจกรรมวิถีไทยและตลาดสุขใจสินค้าเกษตรอินทรีย์ยอดเยี่ยม,positive
สวนสามพราน,สามพราน,นันทนาการและพักผ่อน,บรรยากาศสงบ เหมาะแก่การพาครอบครัวมาพักผ่อนในวันหยุดสุดสัปดาห์,positive
สวนสามพราน,สามพราน,นันทนาการและพักผ่อน,ค่าเข้าและกิจกรรมบางอย่างค่อนข้างมีราคา แต่แลกกับความเงียบสงบและธรรมชาติ,neutral
ลานแสดงช้างและฟาร์มจระเข้สามพราน,สามพราน,นันทนาการและพักผ่อน,การแสดงจับจระเข้ด้วยมือเปล่าและการแสดงช้างน่าตื่นเต้นมาก เด็กๆ ชอบมาก,positive
ลานแสดงช้างและฟาร์มจระเข้สามพราน,สามพราน,นันทนาการและพักผ่อน,การแสดงตื่นตาตื่นใจดี แต่อาคารและกรงสัตว์บางจุดดูเก่าไปหน่อย,neutral
ลานแสดงช้างและฟาร์มจระเข้สามพราน,สามพราน,นันทนาการและพักผ่อน,สถานที่เริ่มทรุดโทรม กลิ่นคอกสัตว์ค่อนข้างแรง ควรปรับปรุงภูมิทัศน์,negative
นิตาธร ทะเลน้ำจืด,กำแพงแสน,นันทนาการและพักผ่อน,สวนน้ำและหาดทรายน้ำจืด บรรยากาศชิลๆ อาหารราคาไม่แพง เด็กๆ เล่นน้ำสนุกสนาน,positive
นิตาธร ทะเลน้ำจืด,กำแพงแสน,นันทนาการและพักผ่อน,แดดร้อนมากช่วงกลางวัน ซุ้มนั่งริมน้ำมีจำกัด ถ้ามาสายจะไม่มีที่นั่ง,neutral
นิตาธร ทะเลน้ำจืด,กำแพงแสน,นันทนาการและพักผ่อน,น้ำไม่ค่อยใสเท่าที่ควร และห้องน้ำห้องอาบน้ำไม่ค่อยสะอาด,negative
อุทยานธรรมชาติวิทยาสิรีรุกขชาติ (มหาลัยมหิดล),พุทธมณฑล,ธรรมชาติ,สวนสมุนไพรที่ใหญ่และสมบูรณ์ที่สุด ร่มรื่น มีป้ายให้ความรู้ชัดเจน,positive
อุทยานธรรมชาติวิทยาสิรีรุกขชาติ (มหาลัยมหิดล),พุทธมณฑล,ธรรมชาติ,สงบเงียบ เหมาะแก่การเดินศึกษาธรรมชาติ มีรถรางบริการชมสวน,positive
อุทยานธรรมชาติวิทยาสิรีรุกขชาติ (มหาลัยมหิดล),พุทธมณฑล,ธรรมชาติ,ต้องเช็ครอบรถรางล่วงหน้า เดินเองอากาศค่อนข้างร้อน,neutral
ชุมชนบ้านศาลาดิน,พุทธมณฑล,เกษตรกรรม,ล่องเรือชมคลองมหาสวัสดิ์ แวะนาบัวและสวนผลไม้ วิถีชุมชนแท้ๆ ประทับใจมาก,positive
ชุมชนบ้านศาลาดิน,พุทธมณฑล,เกษตรกรรม,ได้ลองทำข้าวตังและชิมผลไม้สดจากสวน ชาวบ้านต้อนรับอบอุ่นและเป็นกันเอง,positive
ชุมชนบ้านศาลาดิน,พุทธมณฑล,เกษตรกรรม,การเดินทางเข้าชุมชนถนนค่อนข้างแคบ ต้องขับรถระมัดระวัง,neutral
วัดบางพระ,นครชัยศรี,ประวัติศาสตร์และวัฒนธรรม,บารมีหลวงพ่อเปิ่น ขึ้นชื่อเรื่องการสักยันต์และพุทธคุณ วัดติดแม่น้ำนครชัยศรี บรรยากาศดี,positive
วัดบางพระ,นครชัยศรี,ประวัติศาสตร์และวัฒนธรรม,คนมาทำบุญและสักยันต์เยอะมาก วัดกว้างขวาง ร่มรื่น,positive
วัดบางพระ,นครชัยศรี,ประวัติศาสตร์และวัฒนธรรม,วันงานไหว้ครูคนมหาศาล การจราจรติดขัดมาก ควรเตรียมตัวให้พร้อม,neutral
วัดสามพราน,สามพราน,ประวัติศาสตร์และวัฒนธรรม,ตึกมังกรตะกายฟ้าสีชมพู อลังการ แปลกตา ถ่ายรูปสวยมาก นักท่องเที่ยวต่างชาตินิยม,positive
วัดสามพราน,สามพราน,ประวัติศาสตร์และวัฒนธรรม,เดินขึ้นอุโมงค์ตัวมังกรไปด้านบนได้วิว 360 องศา สวยงาม คุ้มค่าเหนื่อย,positive
วัดสามพราน,สามพราน,ประวัติศาสตร์และวัฒนธรรม,ทางเดินในตัวมังกรค่อนข้างมืดและชัน ผู้สูงอายุอาจจะเดินลำบากนิดหน่อย,neutral
ตลาดบางหลวง ร.ศ.122,บางเลน,นันทนาการและพักผ่อน,ตลาดเก่าริมน้ำ บรรยากาศย้อนยุค บ้านไม้โบราณ ขนมเปี๊ยะและก๋วยเตี๋ยวบกอร่อย,positive
ตลาดบางหลวง ร.ศ.122,บางเลน,นันทนาการและพักผ่อน,เงียบสงบ ไม่พลุกพล่าน เหมาะกับคนที่ชอบความคลาสสิกและวิถีชีวิตดั้งเดิม,positive
ตลาดบางหลวง ร.ศ.122,บางเลน,นันทนาการและพักผ่อน,ร้านค้าเปิดไม่ครบทุกร้าน บางวันดูเงียบเหงาไปหน่อย,neutral
วัดสี่แยกเจริญพร,กำแพงแสน,ประวัติศาสตร์และวัฒนธรรม,ไหว้หลวงปู่หลิวประทับพญาเต่าเรือน ป้อนกะหล่ำปลีเต่า วัดจัดภูมิทัศน์สวยงาม,positive
วัดสี่แยกเจริญพร,กำแพงแสน,ประวัติศาสตร์และวัฒนธรรม,มีทุ่งดอกไม้ให้ถ่ายรูป วัดสะอาด สะดวกสบาย เหมาะกับครอบครัว,positive
วัดสี่แยกเจริญพร,กำแพงแสน,ประวัติศาสตร์และวัฒนธรรม,แดดร้อนช่วงกลางวัน ลานจอดรถไม่มีร่มเงา,neutral
วัดกลางบางแก้ว,นครชัยศรี,ประวัติศาสตร์และวัฒนธรรม,วัดเก่าแก่ริมแม่น้ำ มีพิพิธภัณฑ์พระพุทธวิถีนายก จัดแสดงโบราณวัตถุล้ำค่ามากมาย,positive
วัดกลางบางแก้ว,นครชัยศรี,ประวัติศาสตร์และวัฒนธรรม,สงบ ร่มเย็น สถาปัตยกรรมงดงาม มีคุณค่าทางประวัติศาสตร์อย่างยิ่ง,positive
วัดกลางบางแก้ว,นครชัยศรี,ประวัติศาสตร์และวัฒนธรรม,พิพิธภัณฑ์เปิดเฉพาะบางวัน ควรโทรเช็ควันเวลาเปิดล่วงหน้า,neutral
เซ็นทรัลนครปฐม,เมืองนครปฐม,นันทนาการและพักผ่อน,ห้างใหม่ล่าสุด ดีไซน์สวยงามผสมผสานเอกลักษณ์เมืองนครปฐม ร้านค้าทันสมัยครบครัน,positive
เซ็นทรัลนครปฐม,เมืองนครปฐม,นันทนาการและพักผ่อน,โซนกึ่งกลางแจ้งออกแบบสวย มีพื้นที่สีเขียวให้นั่งพักผ่อน บรรยากาศดีมาก,positive
เซ็นทรัลนครปฐม,เมืองนครปฐม,นันทนาการและพักผ่อน,ช่วงเปิดใหม่คนเยอะมาก ทางเข้าห้างช่วงวันหยุดรถติดพอสมควร,neutral
ตลาดโบราณ 100 ปี รางกระทุ่ม,บางเลน,นันทนาการและพักผ่อน,ตลาดเล็กๆ ที่เปี่ยมด้วยเสน่ห์ อาหารพื้นบ้านรสชาติดั้งเดิม ราคาถูกมาก,positive
ตลาดโบราณ 100 ปี รางกระทุ่ม,บางเลน,นันทนาการและพักผ่อน,วิถีชุมชนเรียบง่าย พ่อค้าแม่ค้าใจดี แต่เปิดเฉพาะวันหยุด,neutral
ตลาดโบราณ 100 ปี รางกระทุ่ม,บางเลน,นันทนาการและพักผ่อน,ร้านค้ามีค่อนข้างน้อย เดินแป๊บเดียวหมด เหมาะเป็นจุดแวะพักสั้นๆ,neutral
ฟาร์มไส้เดือนนาน้อย,บางเลน,ธรรมชาติ,แหล่งเรียนรู้เชิงนิเวศน์ที่ดี ได้ความรู้เรื่องปุ๋ยอินทรีย์และการเกษตรยั่งยืน เจ้าของอัธยาศัยดี,positive
ฟาร์มไส้เดือนนาน้อย,บางเลน,ธรรมชาติ,เหมาะสำหรับพาเด็กๆ และผู้สนใจการเกษตรอินทรีย์มาศึกษาดูงาน ได้ลงมือทำจริง,positive
ฟาร์มไส้เดือนนาน้อย,บางเลน,ธรรมชาติ,สถานที่ไม่ใหญ่มาก อยู่ค่อนข้างลึกในชนบท ต้องตั้ง GPS ดีๆ,neutral
สวนอินทผลัมวัฒนา,ดอนตูม,เกษตรกรรม,อินทผลัมสดๆ จากต้น หวานกรอบ อร่อยมาก มีน้ำอินทผลัมปั่นรสชาติเยี่ยม,positive
สวนอินทผลัมวัฒนา,ดอนตูม,เกษตรกรรม,เจ้าของสวนใจดี ให้ชิมไม่อั้นก่อนซื้อ บรรยากาศในสวนร่มรื่นเป็นกันเอง,positive
สวนอินทผลัมวัฒนา,ดอนตูม,เกษตรกรรม,ผลผลิตจะมีเฉพาะช่วงฤดูกาลเท่านั้น ควรโทรสอบถามช่วงเวลาเก็บเกี่ยวก่อนมา,neutral
อุโมงค์ชมพูพันธุ์ทิพย์,กำแพงแสน,ธรรมชาติ,มุมถ่ายรูปต้นไม้ทอดยาวเป็นอุโมงค์ สวยงามมาก ถ่ายรูปออกมาปังสุดๆ,positive
อุโมงค์ชมพูพันธุ์ทิพย์,กำแพงแสน,ธรรมชาติ,คนเยอะมาก ยืนรอจังหวะถ่ายรูปนาน อากาศร้อน แนะนำเตรียมอุปกรณ์กันแดดมาด้วย,neutral
บ้านรังนกThe Happy Nest,บางเลน,นันทนาการและพักผ่อน,คาเฟ่ริมน้ำตกแต่งสไตล์รังนก แปลกใหม่น่ารัก อาหารและขนมอร่อย บรรยากาศดี,positive
บ้านรังนกThe Happy Nest,บางเลน,นันทนาการและพักผ่อน,มุมถ่ายรูปเยอะมาก นั่งชิลรับลมริมน้ำเพลินๆ แนะนำสำหรับสายถ่ายรูป,positive
บ้านรังนกThe Happy Nest,บางเลน,นันทนาการและพักผ่อน,โต๊ะริมน้ำคิวค่อนข้างยาวในวันหยุด ต้องรอคิวนานหน่อย,neutral
บ้านรังนกThe Happy Nest,บางเลน,นันทนาการและพักผ่อน,ราคาอาหารและเครื่องดื่มค่อนข้างแรงเมื่อเทียบกับปริมาณ,negative
สวนส้มโอนครชัยศรีลุงแดง,นครชัยศรี,เกษตรกรรม,ส้มโอพันธุ์ขาวน้ำผึ้งและทองดีหวานฉ่ำ เนื้อแน่น อร่อยสมชื่อส้มโอนครชัยศรี,positive
สวนส้มโอนครชัยศรีลุงแดง,นครชัยศรี,เกษตรกรรม,ได้ความรู้เรื่องการปลูกส้มโอ และได้ซื้อของฝากคุณภาพดีตรงจากสวน,positive
สวนส้มโอนครชัยศรีลุงแดง,นครชัยศรี,เกษตรกรรม,ทางเข้าสวนเป็นซอยเล็ก รถใหญ่สวนกันลำบาก,neutral
วัดใหม่สุปดิษฐาราม,นครชัยศรี,ประวัติศาสตร์และวัฒนธรรม,วัดสวยริมน้ำนครชัยศรี โดดเด่นด้วยวิหารสีทองและพระอินทร์ทรงช้างเอราวัณ,positive
วัดใหม่สุปดิษฐาราม,นครชัยศรี,ประวัติศาสตร์และวัฒนธรรม,สถานที่สะอาด สงบ ร่มเย็น มีจุดกราบไหว้ขอพรเสริมสิริมงคลมากมาย,positive
วัดใหม่สุปดิษฐาราม,นครชัยศรี,ประวัติศาสตร์และวัฒนธรรม,ช่วงวันหยุดคนค่อนข้างเยอะ ที่จอดรถต้องจัดระเบียบเพิ่ม,neutral
วัดเจริญราษฎร์บำรุง (วัดหนองพงนก),กำแพงแสน,ประวัติศาสตร์และวัฒนธรรม,พระพุทธรูปปางสมเด็จองค์ปฐมทรงเครื่องมหาจักรพรรดิ สวยงามวิจิตรอลังการมาก,positive
วัดเจริญราษฎร์บำรุง (วัดหนองพงนก),กำแพงแสน,ประวัติศาสตร์และวัฒนธรรม,วัดเงียบสงบ มีระเบียบ ศาลาไม้สักทองหลังใหญ่สวยงามจับตา,positive
วัดเจริญราษฎร์บำรุง (วัดหนองพงนก),กำแพงแสน,ประวัติศาสตร์และวัฒนธรรม,ระยะทางไกลจากตัวเมืองนครปฐมพอสมควร เหมาะกับคนที่มีรถส่วนตัว,neutral
วัดสามง่าม (วัดอรัญญิการาม),ดอนตูม,ประวัติศาสตร์และวัฒนธรรม,ต้นตำรับกุมารทองหลวงพ่อเต๋ คงทอง วัดมีมนต์ขลังและประวัติศาสตร์ยาวนาน,positive
วัดสามง่าม (วัดอรัญญิการาม),ดอนตูม,ประวัติศาสตร์และวัฒนธรรม,สายเครื่องรางของขลังต้องมาสักการะ บรรยากาศวัดร่มรื่น สงบเงียบ,positive
วัดสามง่าม (วัดอรัญญิการาม),ดอนตูม,ประวัติศาสตร์และวัฒนธรรม,อยู่ในอำเภอดอนตูม ค่อนข้างห่างไกล ควรวางแผนเส้นทางร่วมกับจุดอื่น,neutral
วัดปลักไม้ลาย,กำแพงแสน,ประวัติศาสตร์และวัฒนธรรม,วัดป่าปฏิบัติธรรม บรรยากาศสวนป่าสมุนไพร เงียบสงบร่มเย็น จิตใจผ่องใสมาก,positive
วัดปลักไม้ลาย,กำแพงแสน,ประวัติศาสตร์และวัฒนธรรม,เหมาะสำหรับผู้ที่ต้องการความสงบ นั่งสมาธิ ปฏิบัติธรรม หลีกหนีความวุ่นวาย,positive
วัดปลักไม้ลาย,กำแพงแสน,ประวัติศาสตร์และวัฒนธรรม,ไม่ใช่สถานที่ท่องเที่ยวเชิงบันเทิง ควรงดส่งเสียงดังและแต่งกายสุภาพเรียบร้อย,neutral
วัดไผ่ล้อม,เมืองนครปฐม,ประวัติศาสตร์และวัฒนธรรม,สรีระสังขารหลวงพ่อพูลไม่เน่าเปื่อย กราบไหว้ขอพรเพื่อความเป็นสิริมงคล,positive
วัดไผ่ล้อม,เมืองนครปฐม,ประวัติศาสตร์และวัฒนธรรม,วัดอยู่ในเมือง เดินทางสะดวก มีสิ่งศักดิ์สิทธิ์ให้กราบไหว้หลายจุด,positive
วัดไผ่ล้อม,เมืองนครปฐม,ประวัติศาสตร์และวัฒนธรรม,มีร้านค้าและจุดเช่าบูชาวัตถุมงคลค่อนข้างแน่น ทำให้บรรยากาศดูเชิงพาณิชย์ไปบ้าง,neutral
วัดป่าปฐมชัย,เมืองนครปฐม,ประวัติศาสตร์และวัฒนธรรม,วัดป่าสายกรรมฐานในเมือง บรรยากาศเงียบสงบ ต้นไม้ร่มรื่น จิตใจสงบมาก,positive
วัดป่าปฐมชัย,เมืองนครปฐม,ประวัติศาสตร์และวัฒนธรรม,พระอาจารย์เมตตามาก เหมาะกับการมาทำบุญตักบาตรช่วงเช้า,positive
วัดป่าปฐมชัย,เมืองนครปฐม,ประวัติศาสตร์และวัฒนธรรม,ควรสำรวมกายวาจาใจเนื่องจากเป็นสถานที่ปฏิบัติธรรมเคร่งครัด,neutral
ถนนคนเดินทวารวดี,เมืองนครปฐม,นันทนาการและพักผ่อน,บรรยากาศน่าเดิน มีการแสดงดนตรีเปิดหมวกและสินค้าทำมือ สินค้าชุมชนหลากหลาย,positive
ถนนคนเดินทวารวดี,เมืองนครปฐม,นันทนาการและพักผ่อน,เปิดเฉพาะวันหยุดสุดสัปดาห์ เดินเพลิน อาหารอร่อย ราคาไม่แพง,positive
ถนนคนเดินทวารวดี,เมืองนครปฐม,นันทนาการและพักผ่อน,หาที่จอดรถค่อนข้างยากเนื่องจากจัดบนถนน ต้องจอดไกลแล้วเดินมา,neutral
พิพิธภัณฑ์สถานแห่งชาติพระปฐม,เมืองนครปฐม,ประวัติศาสตร์และวัฒนธรรม,จัดแสดงโบราณวัตถุสมัยทวารวดีที่สมบูรณ์ที่สุด พระพุทธรูปศิลาขาวงดงามมาก,positive
พิพิธภัณฑ์สถานแห่งชาติพระปฐม,เมืองนครปฐม,ประวัติศาสตร์และวัฒนธรรม,เนื้อหานิทรรศการแน่น ป้ายคำบรรยาย 2 ภาษา ชัดเจน แอร์เย็นสบาย,positive
พิพิธภัณฑ์สถานแห่งชาติพระปฐม,เมืองนครปฐม,ประวัติศาสตร์และวัฒนธรรม,มีค่าเข้าชมเล็กน้อย คุ้มค่ามากสำหรับคนที่ชอบประวัติศาสตร์และโบราณคดี,positive
พิพิธภัณฑ์สถานแห่งชาติพระปฐม,เมืองนครปฐม,ประวัติศาสตร์และวัฒนธรรม,ปิดวันจันทร์และอังคาร ต้องวางแผนวันเดินทางให้ถูกต้อง,neutral
วู้ดแลนด์ เมืองไม้,นครชัยศรี,ศิลปะและวิทยาการ,งานแกะสลักไม้ฝีมือประณีตระดับโลก อลังการมาก มีเรื่องราวเล่าผ่านงานไม้ทุกชิ้น,positive
วู้ดแลนด์ เมืองไม้,นครชัยศรี,ศิลปะและวิทยาการ,คุ้มค่ากับการมาชม ได้เห็นฝีมือช่างไม้ที่หาดูยาก บรรยากาศริมน้ำร่มรื่น,positive
วู้ดแลนด์ เมืองไม้,นครชัยศรี,ศิลปะและวิทยาการ,ค่าเข้าชมสำหรับผู้ใหญ่ค่อนข้างสูงไปนิด แต่ผลงานข้างในสวยงามสมราคา,neutral
พิพิธภัณฑ์ภาพยนตร์ไทย,พุทธมณฑล,ศิลปะและวิทยาการ,อาคารสีแดงสดใสจำลองบรรยากาศโรงหนังโบราณ ถ่ายรูปสวยทุกมุม ได้ความรู้ประวัติศาสตร์ภาพยนตร์,positive
พิพิธภัณฑ์ภาพยนตร์ไทย,พุทธมณฑล,ศิลปะและวิทยาการ,เข้าชมฟรี มีนิทรรศการและกิจกรรมให้ร่วมสนุก เจ้าหน้าที่แนะนำดีมาก,positive
พิพิธภัณฑ์ภาพยนตร์ไทย,พุทธมณฑล,ศิลปะและวิทยาการ,ปิดวันจันทร์ และรอบฉายภาพยนตร์ในโรงมีเป็นรอบๆ ควรเช็คตารางก่อนมา,neutral
ศูนย์การเรียนรู้ภูมิปัญญาไทย ปิยะชนก,เมืองนครปฐม,เกษตรกรรม,ได้เรียนรู้เรื่องสมุนไพรไทยและการแปรรูปผลิตภัณฑ์ธรรมชาติอย่างลึกซึ้ง,positive
ศูนย์การเรียนรู้ภูมิปัญญาไทย ปิยะชนก,เมืองนครปฐม,เกษตรกรรม,วิทยากรบรรยายให้ความรู้ดีมาก ได้ประโยชน์นำไปใช้ในชีวิตประจำวัน,positive
ศูนย์การเรียนรู้ภูมิปัญญาไทย ปิยะชนก,เมืองนครปฐม,เกษตรกรรม,เหมาะสำหรับมาเป็นหมู่คณะหรือศึกษาดูงาน ถ้ามาเดี่ยวอาจจะเงียบๆ หน่อย,neutral
วิสาหกิจชุมชนเกษตรเมืองนครปฐม (ไผ่ตอง),เมืองนครปฐม,เกษตรกรรม,ผลิตภัณฑ์แปรรูปจากกล้วยและไผ่ อร่อย สะอาด คุณภาพดี ส่งเสริมชุมชน,positive
วิสาหกิจชุมชนเกษตรเมืองนครปฐม (ไผ่ตอง),เมืองนครปฐม,เกษตรกรรม,ชาวบ้านอัธยาศัยดี ได้อุดหนุนสินค้าท้องถิ่นราคาเป็นธรรม,positive
เกาะลัดอีแท่น,สามพราน,เกษตรกรรม,ปั่นจักรยานเที่ยวชมสวนผลไม้ ส้มโอ มะพร้าวน้ำหอม บรรยากาศเงียบสงบ วิถีชาวสวนแท้จริง,positive
เกาะลัดอีแท่น,สามพราน,เกษตรกรรม,ข้ามแพขนานยนต์พาจักรยานข้ามฟาก สนุกและได้บรรยากาศย้อนยุค ลมเย็นสบาย,positive
เกาะลัดอีแท่น,สามพราน,เกษตรกรรม,ถนนบนเกาะค่อนข้างแคบ ต้องระวังรถสวน และช่วงบ่ายแดดค่อนข้างร้อน,neutral
สวนพฤกษศาสตร์และสวนแสนปาล์ม,กำแพงแสน,ธรรมชาติ,รวบรวมพันธุ์ปาล์มจากทั่วทุกมุมโลก แปลกตา ร่มรื่น อากาศบริสุทธิ์,positive
สวนพฤกษศาสตร์และสวนแสนปาล์ม,กำแพงแสน,ธรรมชาติ,เหมาะแก่การมาพักผ่อน ถ่ายรูปธรรมชาติ มีพื้นที่กว้างขวาง คนไม่พลุกพล่าน,positive
สวนพฤกษศาสตร์และสวนแสนปาล์ม,กำแพงแสน,ธรรมชาติ,ป้ายชื่อและข้อมูลพันธุ์ไม้บางจุดเริ่มเลือนราง ขาดการบำรุงรักษาไปบ้าง,neutral
อุทยานแมลงเฉลิมพระเกียรติ,กำแพงแสน,ธรรมชาติ,โดมแมลงขนาดใหญ่ ได้เห็นผีเสื้อบินรอบตัว เด็กๆ สนุกสนานและได้ความรู้รอบตัว,positive
อุทยานแมลงเฉลิมพระเกียรติ,กำแพงแสน,ธรรมชาติ,นิทรรศการให้ความรู้ดี เหมาะกับครอบครัวที่มีเด็กเล็ก ราคาเข้าชมถูกมาก,positive
อุทยานแมลงเฉลิมพระเกียรติ,กำแพงแสน,ธรรมชาติ,ภายในโดมค่อนข้างร้อนชื้น และบางช่วงมีผีเสื้อน้อยตามฤดูกาล,neutral
วัดพระประโทณเจดีย์วรวิหาร,เมืองนครปฐม,ประวัติศาสตร์และวัฒนธรรม,เจดีย์โบราณทรงขันคว่ำสมัยทวารวดี มีประวัติศาสตร์ผูกพันกับตำนานพญาพาน,positive
วัดพระประโทณเจดีย์วรวิหาร,เมืองนครปฐม,ประวัติศาสตร์และวัฒนธรรม,วัดเงียบสงบ เหมาะแก่การไหว้พระทำบุญและศึกษาโบราณคดี,positive
วัดพระประโทณเจดีย์วรวิหาร,เมืองนครปฐม,ประวัติศาสตร์และวัฒนธรรม,ติดถนนเพชรเกษม เดินทางสะดวกมาก แต่เสียงรถอาจจะดังหน่อย,neutral
วัดไร่แตงทอง,กำแพงแสน,ประวัติศาสตร์และวัฒนธรรม,ลอดใต้ท้องพญาเต่าเรือนหลวงปู่หลิว เชื่อว่าจะอายุยืน มีโชคลาภ สุขภาพแข็งแรง,positive
วัดไร่แตงทอง,กำแพงแสน,ประวัติศาสตร์และวัฒนธรรม,วัดจัดโซนทำบุญและบูชาวัตถุมงคลเป็นระเบียบเรียบร้อย ที่จอดรถสะดวก,positive
วัดไร่แตงทอง,กำแพงแสน,ประวัติศาสตร์และวัฒนธรรม,วันหยุดคนเยอะมาก ต้องรอคิวลอดพญาเต่าเรือนพอสมควร,neutral
วัดสว่างชาติประชาบำรุง,กำแพงแสน,ประวัติศาสตร์และวัฒนธรรม,วัดพัฒนาสะอาดสะอ้าน บรรยากาศสงบ หลวงพ่อใจดี มีเมตตา,positive
วัดสว่างชาติประชาบำรุง,กำแพงแสน,ประวัติศาสตร์และวัฒนธรรม,ชาวบ้านและกรรมการวัดให้การต้อนรับดี เหมาะกับการมาทำบุญตามวิถีชาวบ้าน,positive
วัดทรงคนอง,สามพราน,ประวัติศาสตร์และวัฒนธรรม,วัดติดริมแม่น้ำท่าจีน บรรยากาศร่มรื่น เงียบสงบ ปล่อยปลาให้อาหารปลาเพลินมาก,positive
วัดทรงคนอง,สามพราน,ประวัติศาสตร์และวัฒนธรรม,พระอุโบสถเก่าแก่มีเสน่ห์ สงบ ไม่พลุกพล่าน เหมาะแก่การพักใจ,positive
วัดบางช้างเหนือ,สามพราน,ประวัติศาสตร์และวัฒนธรรม,วัดเก่าแก่ริมน้ำ มีหลวงพ่อดำพระพุทธรูปศักดิ์สิทธิ์ให้กราบไหว้,positive
วัดบางช้างเหนือ,สามพราน,ประวัติศาสตร์และวัฒนธรรม,บรรยากาศร่มรื่น ลมพัดเย็นสบายตลอดวัน ผู้คนไม่แออัด,positive
วัดธรรมปัญญารามบางม่วง,สามพราน,ประวัติศาสตร์และวัฒนธรรม,วัดไทยมหายาน (อนัมนิกาย) โดดเด่นด้วยพระยูไลและพระโพธิสัตว์กวนอิม,positive
วัดธรรมปัญญารามบางม่วง,สามพราน,ประวัติศาสตร์และวัฒนธรรม,สถาปัตยกรรมแบบจีนสวยงาม อลังการ มีพิธีสวดสะเดาะเคราะห์เสริมดวง,positive
วัดธรรมปัญญารามบางม่วง,สามพราน,ประวัติศาสตร์และวัฒนธรรม,พื้นที่วัดไม่กว้างมาก ที่จอดรถช่วงเทศกาลตรุษจีนจะเต็มเร็วมาก,neutral
วัดบางปลา,บางเลน,ประวัติศาสตร์และวัฒนธรรม,วัดสำคัญต้นกำเนิดวิชชาธรรมกายของหลวงพ่อสด บรรยากาศริมน้ำร่มเย็นมาก,positive
วัดบางปลา,บางเลน,ประวัติศาสตร์และวัฒนธรรม,เหมาะแก่การปฏิบัติธรรม นั่งสมาธิ สถานที่สะอาด เงียบสงบมาก,positive
วัดสุขวราราม (วัดดอนรวก),ดอนตูม,ประวัติศาสตร์และวัฒนธรรม,วัดเงียบสงบในชุมชนดอนตูม หลวงพ่อเมตตา ชาวบ้านศรัทธามาก,positive
วัดสุขวราราม (วัดดอนรวก),ดอนตูม,ประวัติศาสตร์และวัฒนธรรม,บรรยากาศเรียบง่ายตามวิถีชนบท ไม่มีสิ่งปลูกสร้างหวือหวา เหมาะกับการทำบุญจริงๆ,positive
ศาลพระโพธิสัตว์กวนอิมทุ่งพิชัย,ดอนตูม,ประวัติศาสตร์และวัฒนธรรม,เจ้าแม่กวนอิมองค์ใหญ่สง่างาม บรรยากาศเงียบสงบ ศักดิ์สิทธิ์มาก,positive
ศาลพระโพธิสัตว์กวนอิมทุ่งพิชัย,ดอนตูม,ประวัติศาสตร์และวัฒนธรรม,สถานที่สะอาด กว้างขวาง มีโรงทานอาหารเจในวันสำคัญ,positive
เมืองรัตติยา,บางเลน,ศิลปะและวิทยาการ,ป้อมปราการเมืองโบราณริมน้ำ ถ่ายรูปชุดไทยสวยมาก มีสะพานแขวนและคาเฟ่ริมน้ำ,positive
เมืองรัตติยา,บางเลน,ศิลปะและวิทยาการ,บรรยากาศดี มีก๋วยเตี๋ยวชามกะลาและของกินเล่นหลากหลาย ลมพัดเย็นสบาย,positive
เมืองรัตติยา,บางเลน,ศิลปะและวิทยาการ,บางโซนเริ่มทรุดโทรมและปิดให้บริการ ควรบำรุงรักษาเพิ่มเติมเพื่อความน่าเที่ยว,neutral
เมืองรัตติยา,บางเลน,ศิลปะและวิทยาการ,แดดร้อนมากในช่วงบ่าย ทางเดินสะพานไม้มีร่มเงาจำกัด,neutral
ตลาดท่านา,นครชัยศรี,นันทนาการและพักผ่อน,ตลาดโบราณริมน้ำนครชัยศรี ส้มโอหวาน ขนมปังเย็น ขนมเปี๊ยะ เป็ดพะโล้อร่อยขึ้นชื่อ,positive
ตลาดท่านา,นครชัยศรี,นันทนาการและพักผ่อน,ตึกแถวไม้โบราณคลาสสิก ได้สัมผัสกลิ่นอายอดีตอย่างแท้จริง,positive
ตลาดท่านา,นครชัยศรี,นันทนาการและพักผ่อน,หาที่จอดรถค่อนข้างยาก ซอยแคบและมีรถวิ่งผ่านตลอดเวลา,neutral
สยามชัยหาดทรายขาว นครชัยศรี,นครชัยศรี,นันทนาการและพักผ่อน,หาดทรายเทียมริมทะเลสาบน้ำจืด ฟีลเหมือนไปทะเล เล่นน้ำและนั่งเตียงผ้าใบชิลๆ,positive
สยามชัยหาดทรายขาว นครชัยศรี,นครชัยศรี,นันทนาการและพักผ่อน,อาหารเครื่องดื่มสั่งทานริมหาดได้สะดวก ราคาปานกลาง เหมาะกับกลุ่มเพื่อน,positive
สยามชัยหาดทรายขาว นครชัยศรี,นครชัยศรี,นันทนาการและพักผ่อน,น้ำไม่ค่อยใสเหมือนทะเลจริง แดดค่อนข้างร้อนมากช่วงเที่ยง,neutral
สยามชัยหาดทรายขาว นครชัยศรี,นครชัยศรี,นันทนาการและพักผ่อน,ห้องน้ำและห้องอาบน้ำคนเยอะและไม่ค่อยสะอาด มีกลิ่นอับ,negative
ตลาดเก่าก๊กพระยา,บางเลน,นันทนาการและพักผ่อน,ตลาดโบราณเงียบสงบ วิถีชีวิตริมน้ำดั้งเดิม อาหารพื้นบ้านรสชาติโบราณแท้ๆ,positive
ตลาดเก่าก๊กพระยา,บางเลน,นันทนาการและพักผ่อน,เหมาะสำหรับคนชอบความเงียบและถ่ายภาพแนวสตรีทย้อนยุค,positive
ตลาดเก่าก๊กพระยา,บางเลน,นันทนาการและพักผ่อน,ร้านค้าเปิดน้อยมาก มีแค่ไม่กี่ร้านที่ยังเปิดขายอยู่ บรรยากาศค่อนข้างเหงา,neutral
หมู่บ้านไทยทรงดำ (หมู่บ้านไทยโซ่ง),บางเลน,ประวัติศาสตร์และวัฒนธรรม,เรียนรู้วัฒนธรรมและการแต่งกายของชาวไทยทรงดำ มีการสาธิตทอผ้าลายแตงโม,positive
หมู่บ้านไทยทรงดำ (หมู่บ้านไทยโซ่ง),บางเลน,ประวัติศาสตร์และวัฒนธรรม,ชาวบ้านใจดี เล่าประวัติความเป็นมาอย่างอบอุ่น ได้ความรู้เชิงมานุษยวิทยา,positive
หมู่บ้านไทยทรงดำ (หมู่บ้านไทยโซ่ง),บางเลน,ประวัติศาสตร์และวัฒนธรรม,ควรติดต่อประสานงานล่วงหน้าหากต้องการชมการสาธิตประเพณีเต็มรูปแบบ,neutral
วังนาคินทร์ นครชัยศรี,นครชัยศรี,ประวัติศาสตร์และวัฒนธรรม,จุดสักการะพญานาคริมน้ำ บรรยากาศขลัง ร่มรื่น สายมูนิยมมาขอพร,positive
วังนาคินทร์ นครชัยศรี,นครชัยศรี,ประวัติศาสตร์และวัฒนธรรม,มีรูปปั้นพญานาคสวยงามริมแม่น้ำ ลมพัดเย็นสบาย,positive
วังนาคินทร์ นครชัยศรี,นครชัยศรี,ประวัติศาสตร์และวัฒนธรรม,ทางเข้าค่อนข้างลึก ซอยแคบ และที่จอดรถมีจำกัด,neutral
บ้านกลับหัว,สามพราน,ศิลปะและวิทยาการ,ถ่ายรูปแปลกใหม่ สไตล์บ้านตีลังกา แปลกตา สนุกสนานกับการโพสต์ท่า,positive
บ้านกลับหัว,สามพราน,ศิลปะและวิทยาการ,เด็กๆ สนุกมาก พนักงานคอยช่วยแนะนำมุมถ่ายรูปและจัดท่าให้,positive
บ้านกลับหัว,สามพราน,ศิลปะและวิทยาการ,พื้นที่ข้างในไม่ใหญ่มาก ใช้เวลาประมาณ 30 นาทีก็ทั่ว ค่าเข้าชมค่อนข้างสูงเมื่อเทียบกับเวลาที่ใช้,neutral
บ้านกลับหัว,สามพราน,ศิลปะและวิทยาการ,สิ่งของจัดแสดงบางจุดเริ่มเก่าและชำรุด ควรซ่อมบำรุง,negative
ทุ่งธรรมนา ศูนย์การเรียนรู้เกษตรอินทรีและฟาร์มชุมชมชน,สามพราน,นันทนาการและพักผ่อน,ฟาร์มเกษตรอินทรีย์วิวทุ่งนา บรรยากาศดี กาแฟอร่อย มีสะพานไม้ทอดยาว,positive
ทุ่งธรรมนา ศูนย์การเรียนรู้เกษตรอินทรีและฟาร์มชุมชมชน,สามพราน,นันทนาการและพักผ่อน,ได้สูดอากาศบริสุทธิ์ ชิมผักสด อาหารรสชาติดี ปลอดสารพิษ,positive
ทุ่งธรรมนา ศูนย์การเรียนรู้เกษตรอินทรีและฟาร์มชุมชมชน,สามพราน,นันทนาการและพักผ่อน,ทางเดินไม้กลางแดดร้อนพอสมควร ควรพกร่มมาด้วย,neutral
คลองมหาสวัสดิ์,พุทธมณฑล,เกษตรกรรม,ล่องเรือชมวิถีเกษตรริมคลอง สวนกล้วยไม้ นาบัว สวนส้มโอ อากาศดีมาก,positive
คลองมหาสวัสดิ์,พุทธมณฑล,เกษตรกรรม,ชาวบ้านต้อนรับอบอุ่น อาหารว่าง ข้าวตังโบราณอร่อยมาก แนะนำเลยครับ,positive
คลองมหาสวัสดิ์,พุทธมณฑล,เกษตรกรรม,ควรจองเรือล่วงหน้า และควรมาแต่เช้าก่อนแดดจะร้อนจัด,neutral
วัดบางปลา,บางเลน,ประวัติศาสตร์และวัฒนธรรม,วัดสงบ สะอาด ริมแม่น้ำท่าจีน หลวงพ่อสดเคยมาจำพรรษา ศักดิ์สิทธิ์มาก,positive
วัดบางปลา,บางเลน,ประวัติศาสตร์และวัฒนธรรม,โบสถ์เก่ามีจิตรกรรมฝาผนังทรงคุณค่า บรรยากาศเงียบสงบมาก,positive
ศูนย์การเรียนรู้วัฒนธรรมไทยทรงดำ,บางเลน,ประวัติศาสตร์และวัฒนธรรม,จัดแสดงเครื่องมือเครื่องใช้และบ้านเรือนโบราณ ให้ความรู้ดีเยี่ยม,positive
ศูนย์การเรียนรู้วัฒนธรรมไทยทรงดำ,บางเลน,ประวัติศาสตร์และวัฒนธรรม,เจ้าหน้าที่อธิบายเรื่องราวได้น่าสนใจและมีความเป็นกันเอง,positive
วัดห้วยพระ,ดอนตูม,ประวัติศาสตร์และวัฒนธรรม,วัดสงบในชนบท มีสิ่งศักดิ์สิทธิ์ให้กราบไหว้ บรรยากาศไม่วุ่นวาย,positive
วัดห้วยพระ,ดอนตูม,ประวัติศาสตร์และวัฒนธรรม,เหมาะแก่การมาทำบุญเงียบๆ กับครอบครัว,positive
อ่างเก็บน้ำประปานคร,เมืองนครปฐม,นันทนาการและพักผ่อน,จุดวิ่งออกกำลังกายยามเย็น ลมพัดเย็นสบาย วิวพระอาทิตย์ตกสวย,positive
อ่างเก็บน้ำประปานคร,เมืองนครปฐม,นันทนาการและพักผ่อน,มีลู่วิ่งรอบอ่างเก็บน้ำ คนในพื้นที่นิยมมาพักผ่อน,positive
อ่างเก็บน้ำประปานคร,เมืองนครปฐม,นันทนาการและพักผ่อน,ไฟส่องสว่างตอนค่ำบางจุดค่อนข้างมืด ควรเพิ่มไฟ,neutral
สวนสัตว์เทศบาลนครนครปฐม,เมืองนครปฐม,นันทนาการและพักผ่อน,สวนสัตว์ขนาดกะทัดรัดใจกลางเมือง เข้าชมฟรี มีสัตว์ให้เด็กๆ ดูหลายชนิด,positive
สวนสัตว์เทศบาลนครนครปฐม,เมืองนครปฐม,นันทนาการและพักผ่อน,เหมาะสำหรับพาเด็กเล็กมาเดินเล่นช่วงเย็น,positive
สวนสัตว์เทศบาลนครนครปฐม,เมืองนครปฐม,นันทนาการและพักผ่อน,กรงสัตว์บางกรงเริ่มทรุดโทรมและมีกลิ่น ควรปรับปรุงสวัสดิภาพสัตว์,negative
สวนน้ำนครปฐม,เมืองนครปฐม,นันทนาการและพักผ่อน,สไลเดอร์สนุก คลายร้อนได้ดีในราคาประหยัด เด็กๆ เล่นน้ำเพลินทั้งวัน,positive
สวนน้ำนครปฐม,เมืองนครปฐม,นันทนาการและพักผ่อน,วันหยุดคนค่อนข้างแน่น สระน้ำอาจจะแออัดไปหน่อย,neutral
สวนน้ำนครปฐม,เมืองนครปฐม,นันทนาการและพักผ่อน,คลอรีนในสระค่อนข้างแรง และห้องน้ำไม่ค่อยสะอาด,negative
เดอะศาลายา เลเชอร์ ปาร์ค,พุทธมณฑล,นันทนาการและพักผ่อน,คอมมูนิตี้มอลล์และแหล่งพักผ่อน มีร้านอาหาร คาเฟ่ และจุดถ่ายรูปสวยๆ เยอะ,positive
เดอะศาลายา เลเชอร์ ปาร์ค,พุทธมณฑล,นันทนาการและพักผ่อน,การตกแต่งสวยงาม มีกิจกรรมดินเนอร์และคอนเสิร์ต บรรยากาศดีในยามค่ำคืน,positive
เดอะศาลายา เลเชอร์ ปาร์ค,พุทธมณฑล,นันทนาการและพักผ่อน,ร้านค้าเปิดยังไม่เต็มพื้นที่ บางโซนค่อนข้างเงียบ,neutral
เซ็นทรัล ศาลายา,สามพราน,นันทนาการและพักผ่อน,ห้างสะดวกสบาย มีโรงภาพยนตร์และร้านค้าแบรนด์เนมครบวงจร,positive
เซ็นทรัล ศาลายา,สามพราน,นันทนาการและพักผ่อน,เดินทางสะดวก ติดถนนบรมราชชนนี ที่จอดรถเยอะ,positive
บิ๊กซีนครปฐม,เมืองนครปฐม,นันทนาการและพักผ่อน,ห้างค้าปลีกยอดนิยม สินค้าอุปโภคบริโภคครบครัน มีศูนย์อาหารราคาประหยัด,positive
บิ๊กซีนครปฐม,เมืองนครปฐม,นันทนาการและพักผ่อน,ที่จอดรถเยอะ แอร์เย็น เดินทางสะดวก,positive
โลตัสนครปฐม,เมืองนครปฐม,นันทนาการและพักผ่อน,ห้างสรรพสินค้าคู่เมืองนครปฐม มีร้านค้าชั้นนำและซูเปอร์มาร์เก็ตครบครัน,positive
โลตัสนครปฐม,เมืองนครปฐม,นันทนาการและพักผ่อน,สะดวกสบายในการจับจ่ายใช้สอยสำหรับครอบครัว,positive
ศาลเทพเจ้ากวนอู นครปฐม,เมืองนครปฐม,ศิลปะและวิทยาการ,ศาลเจ้าจีนศักดิ์สิทธิ์ สถาปัตยกรรมงดงาม ไหว้ขอพรเรื่องความซื่อสัตย์และการค้าขาย,positive
ศาลเทพเจ้ากวนอู นครปฐม,เมืองนครปฐม,ศิลปะและวิทยาการ,สถานที่สงบ สะอาด ผู้ดูแลศาลเจ้าให้คำแนะนำวิธีการไหว้อย่างละเอียด,positive
พิพิธภัณฑ์คณะฟุตบอลแห่งสยาม,เมืองนครปฐม,ศิลปะและวิทยาการ,แหล่งรวบรวมประวัติศาสตร์ลูกหนังไทยตั้งแต่ยุคเริ่มแรก ทรงคุณค่ามาก,positive
พิพิธภัณฑ์คณะฟุตบอลแห่งสยาม,เมืองนครปฐม,ศิลปะและวิทยาการ,คอบอลไทยต้องไม่พลาด ได้เห็นถ้วยรางวัลและเสื้อแข่งในตำนาน,positive
พิพิธภัณฑ์คณะฟุตบอลแห่งสยาม,เมืองนครปฐม,ศิลปะและวิทยาการ,ควรติดต่อสอบถามเวลาเปิดทำการก่อนเข้ามาเยี่ยมชม,neutral
หอภาพยนต์ องค์การมหาชน,พุทธมณฑล,ศิลปะและวิทยาการ,แหล่งเรียนรู้ประวัติศาสตร์ภาพยนตร์ที่ยอดเยี่ยมที่สุดในไทย จัดแสดงได้มาตรฐานสากล,positive
หอภาพยนต์ องค์การมหาชน,พุทธมณฑล,ศิลปะและวิทยาการ,มีเมืองจำลอง โรงหนังโบราณ รถไฟ และจุดถ่ายรูปสวยคลาสสิก เข้าชมฟรี,positive
หอภาพยนต์ องค์การมหาชน,พุทธมณฑล,ศิลปะและวิทยาการ,บรรยากาศร่มรื่น เจ้าหน้าที่น่ารัก แนะนำให้ทุกคนมาสัมผัส,positive
สำนักวิจัยศิลป์ พีระศรี,พุทธมณฑล,ศิลปะและวิทยาการ,แหล่งศึกษาค้นคว้าประวัติและผลงานของท่านอาจารย์ศิลป์ พีระศรี บิดาแห่งศิลปะร่วมสมัย,positive
สำนักวิจัยศิลป์ พีระศรี,พุทธมณฑล,ศิลปะและวิทยาการ,บรรยากาศเงียบสงบ ทรงคุณค่าทางประวัติศาสตร์ศิลป์,positive
สวนเรือกะพาย,กำแพงแสน,ศิลปะและวิทยาการ,แหล่งเรียนรู้และอนุรักษ์เรือโบราณ มีเรือไม้หลากหลายชนิดให้ศึกษา,positive
สวนเรือกะพาย,กำแพงแสน,ศิลปะและวิทยาการ,ได้พายเรือเล่นในร่องน้ำ บรรยากาศธรรมชาติแบบบ้านสวน,positive
ศูนย์วัฒนธรรมไทยดำบ้านไผ่หูช้าง,กำแพงแสน,ศิลปะและวิทยาการ,สืบสานประเพณีและวัฒนธรรมไทยทรงดำอย่างเหนียวแน่น มีการสาธิตพิธีเสนเรือน,positive
ศูนย์วัฒนธรรมไทยดำบ้านไผ่หูช้าง,กำแพงแสน,ศิลปะและวิทยาการ,ชาวบ้านให้การต้อนรับอย่างอบอุ่น ขนมและอาหารพื้นบ้านอร่อยมาก,positive
วัดสว่างอารมณ์ (แคแถว) หลวงพ่อแป๊ะ,นครชัยศรี,ประวัติศาสตร์และวัฒนธรรม,วัดชื่อดังสายมู พระเงินพระทอง และกุมารทองสมบัติ ขอโชคลาภปังมาก,positive
วัดสว่างอารมณ์ (แคแถว) หลวงพ่อแป๊ะ,นครชัยศรี,ประวัติศาสตร์และวัฒนธรรม,หลวงพ่อแป๊ะเมตตา เจิมกระเป๋า เจิมมือเสริมสิริมงคล คนศรัทธาหนาแน่น,positive
วัดสว่างอารมณ์ (แคแถว) หลวงพ่อแป๊ะ,นครชัยศรี,ประวัติศาสตร์และวัฒนธรรม,วันใกล้หวยออกคนจะเยอะมาก หาที่จอดยาก แนะนำมาช่วงเช้าวันธรรมดา,neutral
วัดใหม่สุปดิษฐาราม,นครชัยศรี,ประวัติศาสตร์และวัฒนธรรม,วิหารสีทองอร่ามริมแม่น้ำ สวยสะกดตา พระสิวลีองค์ใหญ่น่ากราบไหว้,positive
วัดใหม่สุปดิษฐาราม,นครชัยศรี,ประวัติศาสตร์และวัฒนธรรม,มีบริการนั่งเรือชมวิวแม่น้ำนครชัยศรี บรรยากาศสบายใจมาก,positive
วัดห้วยพลู,นครชัยศรี,ประวัติศาสตร์และวัฒนธรรม,วัดเก่าแก่ริมแม่น้ำ มีตลาดน้ำชุมชนเล็กๆ ข้างวัด ขนมเปี๊ยะและของกินอร่อย,positive
วัดห้วยพลู,นครชัยศรี,ประวัติศาสตร์และวัฒนธรรม,เงียบสงบ ไม่วุ่นวาย เหมาะแก่การมาทำบุญให้อาหารปลา,positive
วัดกลางคูเวียง,นครชัยศรี,ประวัติศาสตร์และวัฒนธรรม,วัดริมน้ำ มีตลาดน้ำวัดกลางคูเวียงและศาลากลางน้ำ บรรยากาศร่มรื่น,positive
วัดกลางคูเวียง,นครชัยศรี,ประวัติศาสตร์และวัฒนธรรม,ทำบุญปล่อยปลา ไหว้พระขอพรพระนอนองค์ใหญ่ สบายใจมาก,positive
วัดงิ้วราย,นครชัยศรี,ประวัติศาสตร์และวัฒนธรรม,วัดติดสถานีรถไฟและแม่น้ำนครชัยศรี เดินทางโดยรถไฟสะดวกมาก วิถีชุมชนริมทางรถไฟน่ารัก,positive
วัดงิ้วราย,นครชัยศรี,ประวัติศาสตร์และวัฒนธรรม,บรรยากาศเรียบง่าย สบายตา ได้นั่งรับลมริมแม่น้ำ,positive
วัดดอนยายหอม,เมืองนครปฐม,ประวัติศาสตร์และวัฒนธรรม,กราบสรีระหลวงพ่อเงินและหลวงพ่อแช่ม เกจิดังแห่งนครปฐม วัดใหญ่โตสง่างาม,positive
วัดดอนยายหอม,เมืองนครปฐม,ประวัติศาสตร์และวัฒนธรรม,พิพิธภัณฑ์รวบรวมวัตถุมงคลและของโบราณจัดแสดงได้ดีมาก แนะนำให้แวะชม,positive
วัดพะเนียงแตก,เมืองนครปฐม,ประวัติศาสตร์และวัฒนธรรม,วัดเก่าแก่ของหลวงพ่อทา เกจิอาจารย์ชื่อดัง มีประวัติศาสตร์การสร้างวัดน่าสนใจ,positive
วัดพะเนียงแตก,เมืองนครปฐม,ประวัติศาสตร์และวัฒนธรรม,วัดสงบร่มเย็น มีสิ่งศักดิ์สิทธิ์ให้เคารพบูชา,positive
วัดธรรมศาลา,เมืองนครปฐม,ประวัติศาสตร์และวัฒนธรรม,บารมีหลวงพ่อน้อย เกจิผู้สร้างเหรียญหล่อโบราณอันดับหนึ่ง วัดสะอาด สบายใจ,positive
วัดธรรมศาลา,เมืองนครปฐม,ประวัติศาสตร์และวัฒนธรรม,พระอุโบสถเก่าแก่ทรงคุณค่า บรรยากาศร่มรื่นด้วยแมกไม้,positive
วัดตาก้อง,เมืองนครปฐม,ประวัติศาสตร์และวัฒนธรรม,วัดหลวงพ่อแช่ม เกจิสายพุทธาคมยอดนิยม รูปปั้นกุมารดูดรกและโบราณสถานงดงาม,positive
วัดตาก้อง,เมืองนครปฐม,ประวัติศาสตร์และวัฒนธรรม,วัดเงียบสงบ มีจุดกราบไหว้ทำบุญเป็นสัดส่วน,positive
วัดอ้อน้อย(ธรรมอิสระ),กำแพงแสน,ประวัติศาสตร์และวัฒนธรรม,วัดร่มรื่นด้วยต้นไม้เขียวขจี ศาลากลางน้ำเงียบสงบ เหมาะแก่การปฏิบัติธรรม,positive
วัดอ้อน้อย(ธรรมอิสระ),กำแพงแสน,ประวัติศาสตร์และวัฒนธรรม,มีโรงเจและศูนย์สุขภาพวิถีธรรมชาติ บรรยากาศสะอาดและเป็นระเบียบมาก,positive
วัดสระพัง,กำแพงแสน,ประวัติศาสตร์และวัฒนธรรม,หลวงพ่อดำพระพุทธรูปศักดิ์สิทธิ์กลางสระน้ำ บรรยากาศร่มรื่น สบายตา,positive
วัดสระพัง,กำแพงแสน,ประวัติศาสตร์และวัฒนธรรม,วัดในชนบทที่เงียบสงบ ชาวบ้านมีอัธยาศัยไมตรีดีมาก,positive
วัดกำแพงแสน,กำแพงแสน,ประวัติศาสตร์และวัฒนธรรม,วัดสำคัญคู่เมืองกำแพงแสน เจดีย์โบราณและพระอุโบสถสวยงาม,positive
วัดกำแพงแสน,กำแพงแสน,ประวัติศาสตร์และวัฒนธรรม,เดินทางสะดวก อยู่ใกล้ตัวอำเภอ บรรยากาศร่มรื่น,positive
วัดป่าปฐมโพธิญาณ,กำแพงแสน,ประวัติศาสตร์และวัฒนธรรม,วัดป่าสายกรรมฐานที่แท้จริง เน้นการภาวนา สงบเงียบ ท่ามกลางธรรมชาติ,positive
วัดป่าปฐมโพธิญาณ,กำแพงแสน,ประวัติศาสตร์และวัฒนธรรม,เหมาะแก่การมาถือศีลปฏิบัติธรรม จิตใจสงบ หลีกหนีความฟุ้งซ่าน,positive
วัดสุวรรณาราม,พุทธมณฑล,ประวัติศาสตร์และวัฒนธรรม,วัดริมคลองมหาสวัสดิ์ หลวงพ่อโตศักดิ์สิทธิ์มาก บรรยากาศริมน้ำร่มเย็น,positive
วัดสุวรรณาราม,พุทธมณฑล,ประวัติศาสตร์และวัฒนธรรม,มีตลาดชุมชนริมวัด ได้ทำบุญและอุดหนุนชาวสวนคลองมหาสวัสดิ์,positive
วัดลำพญา,บางเลน,ประวัติศาสตร์และวัฒนธรรม,วัดคู่กับตลาดน้ำลำพญา ไหว้หลวงพ่อมงคลมาลานิมิตแล้วลงไปเดินตลาดน้ำต่อ สะดวกมาก,positive
วัดลำพญา,บางเลน,ประวัติศาสตร์และวัฒนธรรม,ท่าน้ำวัดปลาชุมมาก ให้อาหารปลาเพลินๆ ลมแม่น้ำพัดเย็นสบาย,positive
วัดบางเลน,บางเลน,ประวัติศาสตร์และวัฒนธรรม,วัดเก่าแก่ประจำอำเภอบางเลน ริมแม่น้ำท่าจีน บรรยากาศสงบ สะอาด,positive
วัดบางเลน,บางเลน,ประวัติศาสตร์และวัฒนธรรม,พระอุโบสถสวยงาม ชุมชนรอบวัดเป็นกันเอง,positive
วัดบางภาษี,บางเลน,ประวัติศาสตร์และวัฒนธรรม,วัดโบราณติดริมน้ำ มีศาลาท่าน้ำกว้างขวาง เหมาะแก่การปล่อยนกปล่อยปลา,positive
วัดบางภาษี,บางเลน,ประวัติศาสตร์และวัฒนธรรม,สงบร่มเย็น มีเรื่องเล่าทางประวัติศาสตร์สมัยเก็บภาษีทางเรือ,positive
วัดบางหลวง,บางเลน,ประวัติศาสตร์และวัฒนธรรม,วัดคู่ตลาดบางหลวง ร.ศ.122 สถาปัตยกรรมผสมผสานไทย-จีน สวยคลาสสิก,positive
วัดบางหลวง,บางเลน,ประวัติศาสตร์และวัฒนธรรม,ทำบุญไหว้พระเสร็จเดินข้ามไปตลาดไม้ร้อยปีได้เลย สะดวกและได้บรรยากาศย้อนยุค,positive
วัดลำเหย,ดอนตูม,ประวัติศาสตร์และวัฒนธรรม,วัดหลวงปู่เวิน เกจิสายเมตตา วัดในชนบทที่สงบเงียบและเรียบง่าย,positive
วัดลำเหย,ดอนตูม,ประวัติศาสตร์และวัฒนธรรม,ชาวบ้านศรัทธา บรรยากาศร่มเย็นเป็นกันเอง,positive
วัดสระสี่เหลี่ยม,ดอนตูม,ประวัติศาสตร์และวัฒนธรรม,สระน้ำโบราณทรงสี่เหลี่ยมตามประวัติศาสตร์ วัดสะอาด เงียบสงบ,positive
วัดสระสี่เหลี่ยม,ดอนตูม,ประวัติศาสตร์และวัฒนธรรม,เหมาะแก่การแวะไหว้พระทำบุญตามเส้นทางดอนตูม,positive
โรงเจหัวถนน ศาลเจ้าเล่าตาแป๊ะกง,ดอนตูม,ประวัติศาสตร์และวัฒนธรรม,ศาลเจ้าเก่าแก่ของชุมชนชาวไทยเชื้อสายจีนในดอนตูม ศักดิ์สิทธิ์มาก,positive
โรงเจหัวถนน ศาลเจ้าเล่าตาแป๊ะกง,ดอนตูม,ประวัติศาสตร์และวัฒนธรรม,ช่วงเทศกาลกินเจคึกคักเป็นพิเศษ อาหารเจสะอาดและอร่อยมาก,positive
Koi Fish Thailand Farm (ฟาร์มปลาคาร์ป),สามพราน,นันทนาการและพักผ่อน,ฟาร์มปลาคาร์ปญี่ปุ่นเกรดพรีเมียม สวยงาม ละลานตา ได้ความรู้เรื่องการเลี้ยงปลา,positive
Koi Fish Thailand Farm (ฟาร์มปลาคาร์ป),สามพราน,นันทนาการและพักผ่อน,บรรยากาศสวนญี่ปุ่นร่มรื่น เพลินตากับปลาคาร์ปหลากสีสัน,positive
ตลาดสุขใจ Sookjai Farmer’s Market,สามพราน,นันทนาการและพักผ่อน,ตลาดเกษตรอินทรีย์แท้ ผักผลไม้ปลอดสารสดจากสวน สินค้าแปรรูปคุณภาพเยี่ยม,positive
ตลาดสุขใจ Sookjai Farmer’s Market,สามพราน,นันทนาการและพักผ่อน,บรรยากาศน่ารัก พ่อค้าแม่ค้าคือเกษตรกรตัวจริง คุยสนุก ได้สุขภาพดีกลับบ้าน,positive
ตลาดสุขใจ Sookjai Farmer’s Market,สามพราน,นันทนาการและพักผ่อน,เปิดเฉพาะเสาร์อาทิตย์ สินค้าบางอย่างหมดเร็ว แนะนำมาช่วงเช้า,neutral
สวนลุงตู่ พันธุ์ไม้,บางเลน,ธรรมชาติ,สวนไม้ดอกไม้ประดับและแคคตัส พันธุ์ไม้เยอะมาก ราคาชาวสวน คุยง่ายเป็นกันเอง,positive
สวนลุงตู่ พันธุ์ไม้,บางเลน,ธรรมชาติ,ได้ต้นไม้สวยๆ กลับบ้านในราคาเป็นมิตร คนรักต้นไม้ต้องถูกใจ,positive
ไชน่าทาวน์ ศาลายา,พุทธมณฑล,นันทนาการและพักผ่อน,จุดถ่ายรูปสไตล์เยาวราชจำลอง มีสตรีทฟู้ดและร้านอาหารจีนให้เลือกชิม,positive
ไชน่าทาวน์ ศาลายา,พุทธมณฑล,นันทนาการและพักผ่อน,แสงไฟยามค่ำคืนสวยงาม ถ่ายรูปปัง บรรยากาศคึกคัก,positive
ไชน่าทาวน์ ศาลายา,พุทธมณฑล,นันทนาการและพักผ่อน,ร้านค้าเปิดเป็นช่วงเวลา กลางวันจะค่อนข้างเงียบ ควรมาช่วงเย็นถึงค่ำ,neutral
ฟาร์มปลาคาฟบ้านแก้ว,บางเลน,นันทนาการและพักผ่อน,ฟาร์มปลาคาร์ปและสัตว์เลี้ยงน่ารัก บรรยากาศธรรมชาติริมทุ่งนา,positive
ฟาร์มปลาคาฟบ้านแก้ว,บางเลน,นันทนาการและพักผ่อน,เด็กๆ ชอบมาก ได้ให้อาหารปลาและถ่ายรูปเล่น ลมพัดเย็นสบาย,positive
The old house Bang Luang market,บางเลน,นันทนาการและพักผ่อน,บ้านโบราณริมน้ำดัดแปลงเป็นคาเฟ่และแกลเลอรี วิวย้อนยุคสุดคลาสสิก,positive
The old house Bang Luang market,บางเลน,นันทนาการและพักผ่อน,กาแฟดริปหอมละมุน นั่งมองสายน้ำท่าจีนไหลเอื่อยๆ ชิลมาก,positive
The old house Bang Luang market,บางเลน,นันทนาการและพักผ่อน,ที่นั่งมีจำกัด วันหยุดคนอาจจะแน่นและต้องรอคิวเครื่องดื่ม,neutral
